[
  {
    "name": "ramesh",
    "password": "password1",
    "profession": "teacher",
    "id": 1
  },
  {
    "name": "suresh",
    "password": "password2",
    "profession": "librian",
    "id": 2
  },
  {
    "name": "mahesh",
    "password": "password4",
    "profession": "cleak",
    "id": 3
  },
  {
    "name": "test",
    "password": "afsdafaf",
    "profession": "workere",
    "id": "5"
  },
  {
    "name": "dafsdf",
    "password": "afsdf",
    "profession": "dafdasf",
    "id": "6"
  }
]